?cls	?xref
<http://purl.obolibrary.org/obo/XAO_0004597>	"UBERON:0004731"
<http://purl.obolibrary.org/obo/XAO_0003088>	"UBERON:0001343"
<http://purl.obolibrary.org/obo/XAO_0003097>	"UBERON:0001759"
<http://purl.obolibrary.org/obo/XAO_0005285>	"GO:0005876"
<http://purl.obolibrary.org/obo/XAO_0003197>	"UBERON:0001033"
<http://purl.obolibrary.org/obo/XAO_0000376>	"UBERON:0005487"
<http://purl.obolibrary.org/obo/XAO_0003025>	"UBERON:0002100"
<http://purl.obolibrary.org/obo/XAO_0003256>	"CL:0000319"
<http://purl.obolibrary.org/obo/XAO_0000011>	"UBERON:0001890"
<http://purl.obolibrary.org/obo/XAO_0003147>	"CL:0000019"
<http://purl.obolibrary.org/obo/XAO_0003060>	"UBERON:0001434"
<http://purl.obolibrary.org/obo/XAO_0000227>	"UBERON:0003071"
<http://purl.obolibrary.org/obo/XAO_0004121>	"UBERON:0004356"
<http://purl.obolibrary.org/obo/XAO_0000220>	"UBERON:0004016"
<http://purl.obolibrary.org/obo/XAO_0003227>	"UBERON:0001042"
<http://purl.obolibrary.org/obo/XAO_0003011>	"UBERON:0000923"
<http://purl.obolibrary.org/obo/XAO_0004155>	"UBERON:0002270"
<http://purl.obolibrary.org/obo/XAO_0005194>	"UBERON:0004068"
<http://purl.obolibrary.org/obo/XAO_0000471>	"CL:0000430"
<http://purl.obolibrary.org/obo/XAO_0000025>	"UBERON:0007099"
<http://purl.obolibrary.org/obo/XAO_0000027>	"UBERON:0001714"
<http://purl.obolibrary.org/obo/XAO_0006011>	"GO:0043698"
<http://purl.obolibrary.org/obo/XAO_0004609>	"UBERON:0000125"
<http://purl.obolibrary.org/obo/XAO_0003207>	"UBERON:0009880"
<http://purl.obolibrary.org/obo/XAO_0003213>	"UBERON:0006714"
<http://purl.obolibrary.org/obo/XAO_0004008>	"UBERON:0000485"
<http://purl.obolibrary.org/obo/XAO_0004008>	"CARO:0000068"
<http://purl.obolibrary.org/obo/XAO_0000107>	"UBERON:0002533"
<http://purl.obolibrary.org/obo/XAO_0000116>	"UBERON:0001982"
<http://purl.obolibrary.org/obo/XAO_0004147>	"UBERON:0005487"
<http://purl.obolibrary.org/obo/XAO_0004182>	"UBERON:0002407"
<http://purl.obolibrary.org/obo/XAO_0005191>	"UBERON:0001679"
<http://purl.obolibrary.org/obo/XAO_0004087>	"UBERON:0005062"
<http://purl.obolibrary.org/obo/XAO_0004621>	"CL:1000396"
<http://purl.obolibrary.org/obo/XAO_0004127>	"UBERON:0011151"
<http://purl.obolibrary.org/obo/XAO_0000172>	"UBERON:0001630"
<http://purl.obolibrary.org/obo/XAO_0000123>	"UBERON:0002371"
<http://purl.obolibrary.org/obo/XAO_0005294>	"UBERON:0000375"
<http://purl.obolibrary.org/obo/XAO_0005002>	"CARO:0010000"
<http://purl.obolibrary.org/obo/XAO_0005002>	"UBERON:0010000"
<http://purl.obolibrary.org/obo/XAO_0004163>	"CL:0000566"
<http://purl.obolibrary.org/obo/XAO_0004541>	"UBERON:0001880"
<http://purl.obolibrary.org/obo/XAO_0003032>	"UBERON:0002544"
<http://purl.obolibrary.org/obo/XAO_0004071>	"UBERON:0000959"
<http://purl.obolibrary.org/obo/XAO_0003200>	"UBERON:0003929"
<http://purl.obolibrary.org/obo/XAO_0004079>	"UBERON:0001892"
<http://purl.obolibrary.org/obo/XAO_0000190>	"UBERON:0001691"
<http://purl.obolibrary.org/obo/XAO_0003175>	"UBERON:0003110"
<http://purl.obolibrary.org/obo/XAO_0005154>	"GO:0005886"
<http://purl.obolibrary.org/obo/XAO_0000356>	"UBERON:0004852"
<http://purl.obolibrary.org/obo/XAO_0000247>	"UBERON:0007123"
<http://purl.obolibrary.org/obo/XAO_0005313>	"GO:0015629"
<http://purl.obolibrary.org/obo/XAO_0000382>	"UBERON:0001586"
<http://purl.obolibrary.org/obo/XAO_0000430>	"UBERON:0005356"
<http://purl.obolibrary.org/obo/XAO_0000045>	"UBERON:0003056"
<http://purl.obolibrary.org/obo/XAO_0000218>	"UBERON:0000026"
<http://purl.obolibrary.org/obo/XAO_0000449>	"UBERON:0003115"
<http://purl.obolibrary.org/obo/XAO_0000336>	"UBERON:0003084"
<http://purl.obolibrary.org/obo/XAO_0000178>	"UBERON:0000010"
<http://purl.obolibrary.org/obo/XAO_0005146>	"UBERON:0002501"
<http://purl.obolibrary.org/obo/XAO_0004264>	"UBERON:0002471"
<http://purl.obolibrary.org/obo/XAO_0000005>	"UBERON:0003050"
<http://purl.obolibrary.org/obo/XAO_1000007>	"UBERON:0009741"
<http://purl.obolibrary.org/obo/XAO_0005008>	"GO:0005929"
<http://purl.obolibrary.org/obo/XAO_0000134>	"UBERON:0002394"
<http://purl.obolibrary.org/obo/XAO_0004214>	"UBERON:0002019"
<http://purl.obolibrary.org/obo/XAO_0000138>	"UBERON:0007826"
<http://purl.obolibrary.org/obo/XAO_0000307>	"UBERON:0003080"
<http://purl.obolibrary.org/obo/XAO_0003250>	"CL:0000152"
<http://purl.obolibrary.org/obo/XAO_0000313>	"UBERON:0005594"
<http://purl.obolibrary.org/obo/XAO_0003038>	"UBERON:0000472"
<http://purl.obolibrary.org/obo/XAO_0003038>	"CARO:0000021"
<http://purl.obolibrary.org/obo/XAO_0000429>	"UBERON:0001785"
<http://purl.obolibrary.org/obo/XAO_0000273>	"UBERON:0002268"
<http://purl.obolibrary.org/obo/XAO_0005010>	"GO:0030426"
<http://purl.obolibrary.org/obo/XAO_0004580>	"UBERON:0002258"
<http://purl.obolibrary.org/obo/XAO_0000164>	"UBERON:0002369"
<http://purl.obolibrary.org/obo/XAO_0006045>	"CL:0000767"
<http://purl.obolibrary.org/obo/XAO_0004588>	"UBERON:0002139"
<http://purl.obolibrary.org/obo/XAO_0000343>	"UBERON:0003119"
<http://purl.obolibrary.org/obo/XAO_0003074>	"UBERON:0001130"
<http://purl.obolibrary.org/obo/XAO_0000465>	"UBERON:0006334"
<http://purl.obolibrary.org/obo/XAO_0003221>	"UBERON:0001791"
<http://purl.obolibrary.org/obo/XAO_0000120>	"UBERON:0008891"
<http://purl.obolibrary.org/obo/XAO_0004022>	"UBERON:0005863"
<http://purl.obolibrary.org/obo/XAO_0005060>	"CL:1000742"
<http://purl.obolibrary.org/obo/XAO_0004559>	"UBERON:2007012"
<http://purl.obolibrary.org/obo/XAO_0004105>	"UBERON:0005310"
<http://purl.obolibrary.org/obo/XAO_0005247>	"UBERON:0003260"
<http://purl.obolibrary.org/obo/XAO_0000294>	"UBERON:0000090"
<http://purl.obolibrary.org/obo/XAO_0000101>	"UBERON:0008835"
<http://purl.obolibrary.org/obo/XAO_0005041>	"UBERON:0001843"
<http://purl.obolibrary.org/obo/XAO_0004141>	"UBERON:0002099"
<http://purl.obolibrary.org/obo/XAO_0000265>	"UBERON:0007127"
<http://purl.obolibrary.org/obo/XAO_0004532>	"UBERON:0002890"
<http://purl.obolibrary.org/obo/XAO_0004057>	"UBERON:0010162"
<http://purl.obolibrary.org/obo/XAO_0004575>	"UBERON:0001882"
<http://purl.obolibrary.org/obo/XAO_0003066>	"UBERON:0005418"
<http://purl.obolibrary.org/obo/XAO_0004112>	"CL:0000604"
<http://purl.obolibrary.org/obo/XAO_0000052>	"UBERON:0004344"
<http://purl.obolibrary.org/obo/XAO_0000225>	"UBERON:0003070"
<http://purl.obolibrary.org/obo/XAO_0001011>	"UBERON:0001981"
<http://purl.obolibrary.org/obo/XAO_0000185>	"UBERON:0001769"
<http://purl.obolibrary.org/obo/XAO_0005035>	"CL:0000246"
<http://purl.obolibrary.org/obo/XAO_0004028>	"UBERON:0001995"
<http://purl.obolibrary.org/obo/XAO_0003234>	"CL:0000435"
<http://purl.obolibrary.org/obo/XAO_0003260>	"CL:0000562"
<http://purl.obolibrary.org/obo/XAO_1000014>	"UBERON:0007236"
<http://purl.obolibrary.org/obo/XAO_0000023>	"UBERON:0002097"
<http://purl.obolibrary.org/obo/XAO_0003050>	"UBERON:0003428"
<http://purl.obolibrary.org/obo/XAO_0005065>	"UBERON:0001322"
<http://purl.obolibrary.org/obo/XAO_0000390>	"UBERON:0003088"
<http://purl.obolibrary.org/obo/XAO_0004194>	"UBERON:0011141"
<http://purl.obolibrary.org/obo/XAO_0005296>	"GO:0005912"
<http://purl.obolibrary.org/obo/XAO_0006040>	"CL:0000137"
<http://purl.obolibrary.org/obo/XAO_0000156>	"UBERON:0000474"
<http://purl.obolibrary.org/obo/XAO_0005124>	"UBERON:0000115"
<http://purl.obolibrary.org/obo/XAO_0004567>	"UBERON:2000248"
<http://purl.obolibrary.org/obo/XAO_0003205>	"CL:0000138"
<http://purl.obolibrary.org/obo/XAO_0003093>	"UBERON:0001646"
<http://purl.obolibrary.org/obo/XAO_0004014>	"UBERON:0007842"
<http://purl.obolibrary.org/obo/XAO_0004133>	"UBERON:0007275"
<http://purl.obolibrary.org/obo/XAO_0000232>	"UBERON:0001041"
<http://purl.obolibrary.org/obo/XAO_0000457>	"UBERON:0001202"
<http://purl.obolibrary.org/obo/XAO_0000114>	"UBERON:0001637"
<http://purl.obolibrary.org/obo/XAO_0005289>	"UBERON:0002361"
<http://purl.obolibrary.org/obo/XAO_0000192>	"UBERON:0001846"
<http://purl.obolibrary.org/obo/XAO_0004049>	"UBERON:0002222"
<http://purl.obolibrary.org/obo/XAO_0003241>	"CL:0000007"
<http://purl.obolibrary.org/obo/XAO_0004180>	"UBERON:0002264"
<http://purl.obolibrary.org/obo/XAO_0000142>	"UBERON:0000990"
<http://purl.obolibrary.org/obo/XAO_0006023>	"CL:0001029"
<http://purl.obolibrary.org/obo/XAO_0000058>	"UBERON:0002329"
<http://purl.obolibrary.org/obo/XAO_0005131>	"CL:0000127"
<http://purl.obolibrary.org/obo/XAO_0004151>	"UBERON:0010204"
<http://purl.obolibrary.org/obo/XAO_0005422>	"UBERON:0003037"
<http://purl.obolibrary.org/obo/XAO_0004160>	"UBERON:0001663"
<http://purl.obolibrary.org/obo/XAO_0000128>	"UBERON:0000945"
<http://purl.obolibrary.org/obo/XAO_1000001>	"UBERON:0000106"
<http://purl.obolibrary.org/obo/XAO_0000031>	"CL:0007018"
<http://purl.obolibrary.org/obo/XAO_0000204>	"UBERON:0002003"
<http://purl.obolibrary.org/obo/XAO_0000169>	"UBERON:0002481"
<http://purl.obolibrary.org/obo/XAO_0004139>	"UBERON:0004145"
<http://purl.obolibrary.org/obo/XAO_0000243>	"UBERON:0001155"
<http://purl.obolibrary.org/obo/XAO_0004510>	"CL:0000541"
<http://purl.obolibrary.org/obo/XAO_0005320>	"UBERON:0007375"
<http://purl.obolibrary.org/obo/XAO_0004553>	"CL:0000120"
<http://purl.obolibrary.org/obo/XAO_0003044>	"UBERON:0000089"
<http://purl.obolibrary.org/obo/XAO_0004083>	"UBERON:0005515"
<http://purl.obolibrary.org/obo/XAO_0006036>	"CL:0002377"
<http://purl.obolibrary.org/obo/XAO_0005029>	"UBERON:0002606"
<http://purl.obolibrary.org/obo/XAO_0001019>	"UBERON:0000931"
<http://purl.obolibrary.org/obo/XAO_0000176>	"UBERON:0002416"
<http://purl.obolibrary.org/obo/XAO_0000368>	"UBERON:0001619"
<http://purl.obolibrary.org/obo/XAO_0004205>	"UBERON:0006242"
<http://purl.obolibrary.org/obo/XAO_0005043>	"CL:0000594"
<http://purl.obolibrary.org/obo/XAO_0005187>	"UBERON:0002198"
<http://purl.obolibrary.org/obo/XAO_0000132>	"UBERON:0002423"
<http://purl.obolibrary.org/obo/XAO_0005080>	"UBERON:0004290"
<http://purl.obolibrary.org/obo/XAO_0000305>	"UBERON:0002546"
<http://purl.obolibrary.org/obo/XAO_0000136>	"UBERON:0001264"
<http://purl.obolibrary.org/obo/XAO_0003036>	"UBERON:0002389"
<http://purl.obolibrary.org/obo/XAO_0005015>	"GO:0030424"
<http://purl.obolibrary.org/obo/XAO_0000427>	"UBERON:0001675"
<http://purl.obolibrary.org/obo/XAO_0004080>	"UBERON:0005569"
<http://purl.obolibrary.org/obo/XAO_0003171>	"UBERON:0001697"
<http://purl.obolibrary.org/obo/XAO_0004615>	"GO:0005932"
<http://purl.obolibrary.org/obo/XAO_0003079>	"UBERON:0001095"
<http://purl.obolibrary.org/obo/XAO_0003180>	"UBERON:0005886"
<http://purl.obolibrary.org/obo/XAO_0004473>	"UBERON:2000083"
<http://purl.obolibrary.org/obo/XAO_0000341>	"UBERON:0004363"
<http://purl.obolibrary.org/obo/XAO_0003179>	"UBERON:0011153"
<http://purl.obolibrary.org/obo/XAO_0005158>	"UBERON:0001166"
<http://purl.obolibrary.org/obo/XAO_0000463>	"UBERON:0003096"
<http://purl.obolibrary.org/obo/XAO_0003016>	"CL:0000353"
<http://purl.obolibrary.org/obo/XAO_0000251>	"UBERON:0007124"
<http://purl.obolibrary.org/obo/XAO_0005326>	"GO:1901589"
<http://purl.obolibrary.org/obo/XAO_0003262>	"CL:0000329"
<http://purl.obolibrary.org/obo/XAO_0000285>	"UBERON:0005309"
<http://purl.obolibrary.org/obo/XAO_0005022>	"CL:0000182"
<http://purl.obolibrary.org/obo/XAO_0004566>	"UBERON:0002148"
<http://purl.obolibrary.org/obo/XAO_0003052>	"UBERON:0000993"
<http://purl.obolibrary.org/obo/XAO_0004196>	"UBERON:0001753"
<http://purl.obolibrary.org/obo/XAO_0003218>	"UBERON:0001790"
<http://purl.obolibrary.org/obo/XAO_0004260>	"UBERON:0004117"
<http://purl.obolibrary.org/obo/XAO_0004000>	"UBERON:0000058"
<http://purl.obolibrary.org/obo/XAO_0003086>	"UBERON:0003108"
<http://purl.obolibrary.org/obo/XAO_0004019>	"UBERON:0002412"
<http://purl.obolibrary.org/obo/XAO_0004146>	"CL:0002418"
<http://purl.obolibrary.org/obo/XAO_0003195>	"UBERON:0002105"
<http://purl.obolibrary.org/obo/XAO_0003023>	"CL:0000540"
<http://purl.obolibrary.org/obo/XAO_0003254>	"CL:0000242"
<http://purl.obolibrary.org/obo/XAO_0003145>	"UBERON:0002227"
<http://purl.obolibrary.org/obo/XAO_0006041>	"CL:0000136"
<http://purl.obolibrary.org/obo/XAO_0004573>	"CL:1001502"
<http://purl.obolibrary.org/obo/XAO_0003225>	"UBERON:0001795"
<http://purl.obolibrary.org/obo/XAO_0000352>	"UBERON:0003122"
<http://purl.obolibrary.org/obo/XAO_0000183>	"UBERON:0001773"
<http://purl.obolibrary.org/obo/XAO_0004026>	"UBERON:0010362"
<http://purl.obolibrary.org/obo/XAO_0004153>	"UBERON:0004864"
<http://purl.obolibrary.org/obo/XAO_0004035>	"UBERON:0008883"
<http://purl.obolibrary.org/obo/XAO_0000099>	"UBERON:0008896"
<http://purl.obolibrary.org/obo/XAO_0004069>	"CL:0000333"
<http://purl.obolibrary.org/obo/XAO_0000154>	"UBERON:0001255"
<http://purl.obolibrary.org/obo/XAO_0005122>	"GO:0005874"
<http://purl.obolibrary.org/obo/XAO_0003091>	"UBERON:0001644"
<http://purl.obolibrary.org/obo/XAO_0004006>	"CARO:0000069"
<http://purl.obolibrary.org/obo/XAO_0004006>	"UBERON:0000486"
<http://purl.obolibrary.org/obo/XAO_0004486>	"UBERON:0000064"
<http://purl.obolibrary.org/obo/XAO_0000455>	"UBERON:0001173"
<http://purl.obolibrary.org/obo/XAO_0000197>	"UBERON:0001844"
<http://purl.obolibrary.org/obo/XAO_0005165>	"CL:0000169"
<http://purl.obolibrary.org/obo/XAO_0003099>	"UBERON:0002422"
<http://purl.obolibrary.org/obo/XAO_0000110>	"UBERON:0007128"
<http://purl.obolibrary.org/obo/XAO_0003246>	"CL:0000211"
<http://purl.obolibrary.org/obo/XAO_0000001>	"UBERON:0000924"
<http://purl.obolibrary.org/obo/XAO_0004172>	"UBERON:0011944"
<http://purl.obolibrary.org/obo/XAO_0000387>	"UBERON:0001143"
<http://purl.obolibrary.org/obo/XAO_0004042>	"UBERON:0000383"
<http://purl.obolibrary.org/obo/XAO_0000140>	"UBERON:0004122"
<http://purl.obolibrary.org/obo/XAO_0003062>	"UBERON:0001441"
<http://purl.obolibrary.org/obo/XAO_0004579>	"UBERON:0000936"
<http://purl.obolibrary.org/obo/XAO_0000210>	"UBERON:0000044"
<http://purl.obolibrary.org/obo/XAO_0000056>	"UBERON:0003058"
<http://purl.obolibrary.org/obo/XAO_0003166>	"UBERON:0002091"
<http://purl.obolibrary.org/obo/XAO_0000170>	"UBERON:0002418"
<http://purl.obolibrary.org/obo/XAO_0000189>	"UBERON:0001690"
<http://purl.obolibrary.org/obo/XAO_0000126>	"UBERON:0000167"
<http://purl.obolibrary.org/obo/XAO_0004594>	"UBERON:0014913"
<http://purl.obolibrary.org/obo/XAO_0003238>	"CL:0000058"
<http://purl.obolibrary.org/obo/XAO_0004539>	"UBERON:0002743"
<http://purl.obolibrary.org/obo/XAO_0004275>	"UBERON:0011142"
<http://purl.obolibrary.org/obo/XAO_0000086>	"UBERON:0003065"
<http://purl.obolibrary.org/obo/XAO_0000259>	"UBERON:0003077"
<http://purl.obolibrary.org/obo/XAO_0005292>	"UBERON:0022300"
<http://purl.obolibrary.org/obo/XAO_0005000>	"UBERON:0007475"
<http://purl.obolibrary.org/obo/XAO_0005503>	"UBERON:0036070"
<http://purl.obolibrary.org/obo/XAO_0003030>	"UBERON:0002102"
<http://purl.obolibrary.org/obo/XAO_0000318>	"UBERON:0004739"
<http://purl.obolibrary.org/obo/XAO_0000394>	"UBERON:0002016"
<http://purl.obolibrary.org/obo/XAO_0000209>	"UBERON:0000045"
<http://purl.obolibrary.org/obo/XAO_0001001>	"UBERON:0003099"
<http://purl.obolibrary.org/obo/XAO_0004137>	"UBERON:0007274"
<http://purl.obolibrary.org/obo/XAO_0003173>	"UBERON:0005902"
<http://purl.obolibrary.org/obo/XAO_0000072>	"UBERON:0003062"
<http://purl.obolibrary.org/obo/XAO_0000245>	"GO:0032019"
<http://purl.obolibrary.org/obo/XAO_0003001>	"UBERON:0000480"
<http://purl.obolibrary.org/obo/XAO_0003001>	"CARO:0000054"
<http://purl.obolibrary.org/obo/XAO_0004289>	"UBERON:0010912"
<http://purl.obolibrary.org/obo/XAO_0005311>	"GO:0030016"
<http://purl.obolibrary.org/obo/XAO_0000017>	"UBERON:0000007"
<http://purl.obolibrary.org/obo/XAO_0004551>	"UBERON:0005376"
<http://purl.obolibrary.org/obo/XAO_0004081>	"UBERON:0005507"
<http://purl.obolibrary.org/obo/XAO_0004606>	"UBERON:2000633"
<http://purl.obolibrary.org/obo/XAO_0000447>	"UBERON:0003114"
<http://purl.obolibrary.org/obo/XAO_0004013>	"UBERON:0007844"
<http://purl.obolibrary.org/obo/XAO_1000005>	"UBERON:0000109"
<http://purl.obolibrary.org/obo/XAO_0004212>	"UBERON:0009125"
<http://purl.obolibrary.org/obo/XAO_0005072>	"UBERON:0004790"
<http://purl.obolibrary.org/obo/XAO_0000276>	"UBERON:0004872"
<http://purl.obolibrary.org/obo/XAO_0004543>	"UBERON:0002291"
<http://purl.obolibrary.org/obo/XAO_0004586>	"UBERON:0002718"
<http://purl.obolibrary.org/obo/XAO_0003077>	"UBERON:0004451"
<http://purl.obolibrary.org/obo/XAO_0005156>	"UBERON:0001161"
<http://purl.obolibrary.org/obo/XAO_0004020>	"UBERON:0004529"
<http://purl.obolibrary.org/obo/XAO_0004523>	"CL:0007011"
<http://purl.obolibrary.org/obo/XAO_0003014>	"CL:0000147"
<http://purl.obolibrary.org/obo/XAO_0003040>	"UBERON:0000479"
<http://purl.obolibrary.org/obo/XAO_0003040>	"CARO:0000043"
<http://purl.obolibrary.org/obo/XAO_0004158>	"UBERON:0001672"
<http://purl.obolibrary.org/obo/XAO_0000148>	"UBERON:0000083"
<http://purl.obolibrary.org/obo/XAO_0003048>	"CL:0000025"
<http://purl.obolibrary.org/obo/XAO_0003157>	"CL:0000084"
<http://purl.obolibrary.org/obo/XAO_0000292>	"UBERON:0005322"
<http://purl.obolibrary.org/obo/XAO_0004096>	"UBERON:0002444"
<http://purl.obolibrary.org/obo/XAO_0000338>	"UBERON:0003085"
<http://purl.obolibrary.org/obo/XAO_0000104>	"UBERON:0001046"
<http://purl.obolibrary.org/obo/XAO_0003192>	"UBERON:0002078"
<http://purl.obolibrary.org/obo/XAO_0003216>	"UBERON:0003902"
<http://purl.obolibrary.org/obo/XAO_0004485>	"CL:0000165"
<http://purl.obolibrary.org/obo/XAO_0000064>	"UBERON:0000948"
<http://purl.obolibrary.org/obo/XAO_0000237>	"UBERON:0002116"
<http://purl.obolibrary.org/obo/XAO_0004052>	"UBERON:0011587"
<http://purl.obolibrary.org/obo/XAO_0003028>	"UBERON:0003102"
<http://purl.obolibrary.org/obo/XAO_0003259>	"CL:0000852"
<http://purl.obolibrary.org/obo/XAO_0003252>	"CL:0000311"
<http://purl.obolibrary.org/obo/XAO_0003143>	"UBERON:0009621"
<http://purl.obolibrary.org/obo/XAO_0004174>	"UBERON:0010205"
<http://purl.obolibrary.org/obo/XAO_0003064>	"UBERON:0007832"
<http://purl.obolibrary.org/obo/XAO_0000050>	"UBERON:0000926"
<http://purl.obolibrary.org/obo/XAO_0000223>	"UBERON:0003069"
<http://purl.obolibrary.org/obo/XAO_0004477>	"CL:0000192"
<http://purl.obolibrary.org/obo/XAO_0003232>	"CL:0000161"
<http://purl.obolibrary.org/obo/XAO_0003266>	"UBERON:0003894"
<http://purl.obolibrary.org/obo/XAO_1000012>	"UBERON:0000068"
<http://purl.obolibrary.org/obo/XAO_0000021>	"UBERON:0003053"
<http://purl.obolibrary.org/obo/XAO_0005299>	"UBERON:0001976"
<http://purl.obolibrary.org/obo/XAO_0004192>	"UBERON:0010075"
<http://purl.obolibrary.org/obo/XAO_0003203>	"UBERON:0003843"
<http://purl.obolibrary.org/obo/XAO_0005284>	"GO:0030017"
<http://purl.obolibrary.org/obo/XAO_0004004>	"UBERON:0000488"
<http://purl.obolibrary.org/obo/XAO_0004004>	"CARO:0000071"
<http://purl.obolibrary.org/obo/XAO_0000195>	"UBERON:0001853"
<http://purl.obolibrary.org/obo/XAO_0000077>	"CL:0007020"
<http://purl.obolibrary.org/obo/XAO_0000385>	"UBERON:0006174"
<http://purl.obolibrary.org/obo/XAO_0005134>	"CL:0000129"
<http://purl.obolibrary.org/obo/XAO_0000048>	"UBERON:0002342"
<http://purl.obolibrary.org/obo/XAO_0003164>	"CARO:0000074"
<http://purl.obolibrary.org/obo/XAO_0003164>	"UBERON:0000491"
<http://purl.obolibrary.org/obo/XAO_0004123>	"UBERON:0002087"
<http://purl.obolibrary.org/obo/XAO_0000187>	"UBERON:0003067"
<http://purl.obolibrary.org/obo/XAO_0003085>	"UBERON:0003107"
<http://purl.obolibrary.org/obo/XAO_0000008>	"UBERON:0000965"
<http://purl.obolibrary.org/obo/XAO_0005501>	"UBERON:0001555"
<http://purl.obolibrary.org/obo/XAO_0000316>	"UBERON:0002348"
<http://purl.obolibrary.org/obo/XAO_0000034>	"UBERON:0002538"
<http://purl.obolibrary.org/obo/XAO_0000167>	"UBERON:0001132"
<http://purl.obolibrary.org/obo/XAO_0003178>	"UBERON:0011152"
<http://purl.obolibrary.org/obo/XAO_0000459>	"UBERON:0003094"
<http://purl.obolibrary.org/obo/XAO_0000241>	"UBERON:0002065"
<http://purl.obolibrary.org/obo/XAO_0000015>	"UBERON:0002028"
<http://purl.obolibrary.org/obo/XAO_0003042>	"UBERON:0002050"
<http://purl.obolibrary.org/obo/XAO_0006034>	"CL:0000040"
<http://purl.obolibrary.org/obo/XAO_0003151>	"CL:0000018"
<http://purl.obolibrary.org/obo/XAO_0001101>	"UBERON:0003921"
<http://purl.obolibrary.org/obo/XAO_0004590>	"UBERON:2000599"
<http://purl.obolibrary.org/obo/XAO_0003210>	"UBERON:0000976"
<http://purl.obolibrary.org/obo/XAO_0004098>	"CL:0000103"
<http://purl.obolibrary.org/obo/XAO_0004267>	"CL:0000099"
<http://purl.obolibrary.org/obo/XAO_0003101>	"UBERON:0001780"
<http://purl.obolibrary.org/obo/XAO_0004271>	"UBERON:0001943"
<http://purl.obolibrary.org/obo/XAO_0000366>	"UBERON:0001532"
<http://purl.obolibrary.org/obo/XAO_0004011>	"UBERON:0005944"
<http://purl.obolibrary.org/obo/XAO_0004162>	"UBERON:0002012"
<http://purl.obolibrary.org/obo/XAO_0005308>	"UBERON:0002133"
<http://purl.obolibrary.org/obo/XAO_0004598>	"UBERON:0014775"
<http://purl.obolibrary.org/obo/XAO_0006005>	"GO:0043204"
<http://purl.obolibrary.org/obo/XAO_0000475>	"UBERON:0003098"
<http://purl.obolibrary.org/obo/XAO_1000003>	"UBERON:0000108"
<http://purl.obolibrary.org/obo/XAO_0004548>	"UBERON:0014740"
<http://purl.obolibrary.org/obo/XAO_0004210>	"UBERON:0002434"
<http://purl.obolibrary.org/obo/XAO_0000130>	"UBERON:0002108"
<http://purl.obolibrary.org/obo/XAO_0005070>	"UBERON:0005478"
<http://purl.obolibrary.org/obo/XAO_0003034>	"UBERON:0002075"
<http://purl.obolibrary.org/obo/XAO_0004578>	"UBERON:0001875"
<http://purl.obolibrary.org/obo/XAO_0004584>	"UBERON:0004684"
<http://purl.obolibrary.org/obo/XAO_0004259>	"UBERON:0004024"
<http://purl.obolibrary.org/obo/XAO_0001014>	"CL:0000148"
<http://purl.obolibrary.org/obo/XAO_0004025>	"UBERON:0010364"
<http://purl.obolibrary.org/obo/XAO_0005038>	"GO:0005634"
<http://purl.obolibrary.org/obo/XAO_0000254>	"UBERON:0007125"
<http://purl.obolibrary.org/obo/XAO_0005195>	"UBERON:0002005"
<http://purl.obolibrary.org/obo/XAO_0004555>	"UBERON:0005378"
<http://purl.obolibrary.org/obo/XAO_0003055>	"CL:0000037"
<http://purl.obolibrary.org/obo/XAO_0004101>	"UBERON:0001908"
<http://purl.obolibrary.org/obo/XAO_0003190>	"UBERON:0000464"
<http://purl.obolibrary.org/obo/XAO_0003190>	"CARO:0000005"
<http://purl.obolibrary.org/obo/XAO_0004017>	"UBERON:0010363"
<http://purl.obolibrary.org/obo/XAO_0005286>	"GO:0000235"
<http://purl.obolibrary.org/obo/XAO_0000062>	"UBERON:0005308"
<http://purl.obolibrary.org/obo/XAO_0000235>	"UBERON:0007005"
<http://purl.obolibrary.org/obo/XAO_0003198>	"UBERON:0002104"
<http://purl.obolibrary.org/obo/XAO_0000379>	"UBERON:0001101"
<http://purl.obolibrary.org/obo/XAO_0004535>	"UBERON:0002180"
<http://purl.obolibrary.org/obo/XAO_0003026>	"UBERON:0007812"
<http://purl.obolibrary.org/obo/XAO_0003257>	"CL:0000328"
<http://purl.obolibrary.org/obo/XAO_0000370>	"UBERON:0005616"
<http://purl.obolibrary.org/obo/XAO_0000012>	"UBERON:0001893"
<http://purl.obolibrary.org/obo/XAO_0003073>	"UBERON:0002090"
<http://purl.obolibrary.org/obo/XAO_0000215>	"UBERON:0001017"
<http://purl.obolibrary.org/obo/XAO_0003228>	"UBERON:0008777"
<http://purl.obolibrary.org/obo/XAO_0000472>	"CL:0000431"
<http://purl.obolibrary.org/obo/XAO_0003230>	"UBERON:0001774"
<http://purl.obolibrary.org/obo/XAO_0004202>	"UBERON:0011588"
<http://purl.obolibrary.org/obo/XAO_0006012>	"CL:0005001"
<http://purl.obolibrary.org/obo/XAO_1000010>	"UBERON:0000112"
<http://purl.obolibrary.org/obo/XAO_0003264>	"CL:0000669"
<http://purl.obolibrary.org/obo/XAO_0000097>	"UBERON:0004362"
<http://purl.obolibrary.org/obo/XAO_0004190>	"UBERON:0000095"
<http://purl.obolibrary.org/obo/XAO_0005120>	"GO:0005783"
<http://purl.obolibrary.org/obo/XAO_0004009>	"CARO:0000067"
<http://purl.obolibrary.org/obo/XAO_0004009>	"UBERON:0000484"
<http://purl.obolibrary.org/obo/XAO_0003201>	"UBERON:0002424"
<http://purl.obolibrary.org/obo/XAO_0004140>	"UBERON:0005337"
<http://purl.obolibrary.org/obo/XAO_0000108>	"UBERON:0007097"
<http://purl.obolibrary.org/obo/XAO_0000117>	"UBERON:0001004"
<http://purl.obolibrary.org/obo/XAO_0000453>	"UBERON:0003117"
<http://purl.obolibrary.org/obo/XAO_0000068>	"UBERON:0004879"
<http://purl.obolibrary.org/obo/XAO_0004148>	"CL:0000763"
<http://purl.obolibrary.org/obo/XAO_0003244>	"CL:0000361"
<http://purl.obolibrary.org/obo/XAO_0005192>	"UBERON:0011241"
<http://purl.obolibrary.org/obo/XAO_0004045>	"UBERON:0001763"
<http://purl.obolibrary.org/obo/XAO_0004237>	"UBERON:0004025"
<http://purl.obolibrary.org/obo/XAO_0000282>	"UBERON:0004117"
<http://purl.obolibrary.org/obo/XAO_0004128>	"UBERON:0002382"
<http://purl.obolibrary.org/obo/XAO_0000054>	"UBERON:0002100"
<http://purl.obolibrary.org/obo/XAO_0000173>	"UBERON:0000043"
<http://purl.obolibrary.org/obo/XAO_0000124>	"UBERON:0000178"
<http://purl.obolibrary.org/obo/XAO_0003236>	"CL:0000073"
<http://purl.obolibrary.org/obo/XAO_0005295>	"UBERON:0000942"
<http://purl.obolibrary.org/obo/XAO_0004529>	"UBERON:0001768"
<http://purl.obolibrary.org/obo/XAO_0004208>	"UBERON:0009122"
<http://purl.obolibrary.org/obo/XAO_0004542>	"UBERON:0002883"
<http://purl.obolibrary.org/obo/XAO_0003033>	"UBERON:0005928"
<http://purl.obolibrary.org/obo/XAO_0000397>	"UBERON:0003089"
<http://purl.obolibrary.org/obo/XAO_0004072>	"UBERON:0002034"
<http://purl.obolibrary.org/obo/XAO_0005009>	"GO:0005819"
<http://purl.obolibrary.org/obo/XAO_0000191>	"UBERON:0001756"
<http://purl.obolibrary.org/obo/XAO_0000165>	"UBERON:0001235"
<http://purl.obolibrary.org/obo/XAO_0003176>	"UBERON:0008895"
<http://purl.obolibrary.org/obo/XAO_0006046>	"CL:0000771"
<http://purl.obolibrary.org/obo/XAO_0000357>	"UBERON:0001917"
<http://purl.obolibrary.org/obo/XAO_0004135>	"UBERON:0006215"
<http://purl.obolibrary.org/obo/XAO_0003004>	"CARO:0000012"
<http://purl.obolibrary.org/obo/XAO_0003004>	"UBERON:0000468"
<http://purl.obolibrary.org/obo/XAO_0000199>	"UBERON:0005236"
<http://purl.obolibrary.org/obo/XAO_0005314>	"UBERON:0004746"
<http://purl.obolibrary.org/obo/XAO_0005032>	"CL:0000047"
<http://purl.obolibrary.org/obo/XAO_0000121>	"UBERON:0002185"
<http://purl.obolibrary.org/obo/XAO_0000328>	"UBERON:0002106"
<http://purl.obolibrary.org/obo/XAO_0003160>	"CARO:0000041"
<http://purl.obolibrary.org/obo/XAO_0003160>	"UBERON:0000477"
<http://purl.obolibrary.org/obo/XAO_0005025>	"CL:0000235"
<http://purl.obolibrary.org/obo/XAO_0000437>	"UBERON:0000071"
<http://purl.obolibrary.org/obo/XAO_0000179>	"UBERON:0000019"
<http://purl.obolibrary.org/obo/XAO_0000330>	"UBERON:0003890"
<http://purl.obolibrary.org/obo/XAO_0003081>	"UBERON:0001737"
<http://purl.obolibrary.org/obo/XAO_0001020>	"UBERON:0013655"
<http://purl.obolibrary.org/obo/XAO_1000008>	"UBERON:0009849"
<http://purl.obolibrary.org/obo/XAO_0006003>	"GO:0044297"
<http://purl.obolibrary.org/obo/XAO_0003251>	"CL:0000249"
<http://purl.obolibrary.org/obo/XAO_0000139>	"UBERON:0002358"
<http://purl.obolibrary.org/obo/XAO_0003039>	"CARO:0000019"
<http://purl.obolibrary.org/obo/XAO_0003039>	"UBERON:0000471"
<http://purl.obolibrary.org/obo/XAO_0005011>	"GO:0005814"
<http://purl.obolibrary.org/obo/XAO_0004185>	"UBERON:0004140"
<http://purl.obolibrary.org/obo/XAO_0000344>	"UBERON:0003120"
<http://purl.obolibrary.org/obo/XAO_0003075>	"UBERON:0010323"
<http://purl.obolibrary.org/obo/XAO_0004576>	"UBERON:0001879"
<http://purl.obolibrary.org/obo/XAO_0003222>	"UBERON:0001794"
<http://purl.obolibrary.org/obo/XAO_0003012>	"CL:0000000"
<http://purl.obolibrary.org/obo/XAO_0003012>	"CARO:0000013"
<http://purl.obolibrary.org/obo/XAO_0003012>	"GO:0005623"
<http://purl.obolibrary.org/obo/XAO_0004156>	"UBERON:0006011"
<http://purl.obolibrary.org/obo/XAO_0006030>	"CL:0000556"
<http://purl.obolibrary.org/obo/XAO_0005322>	"UBERON:0002547"
<http://purl.obolibrary.org/obo/XAO_0003046>	"UBERON:0003104"
<http://purl.obolibrary.org/obo/XAO_0000028>	"UBERON:0001003"
<http://purl.obolibrary.org/obo/XAO_0006038>	"CL:0002376"
<http://purl.obolibrary.org/obo/XAO_0004562>	"UBERON:0001937"
<http://purl.obolibrary.org/obo/XAO_0004090>	"UBERON:0003071"
<http://purl.obolibrary.org/obo/XAO_0003155>	"CL:0000542"
<http://purl.obolibrary.org/obo/XAO_0004094>	"UBERON:0001803"
<http://purl.obolibrary.org/obo/XAO_0000102>	"UBERON:0007122"
<http://purl.obolibrary.org/obo/XAO_0003214>	"UBERON:0000981"
<http://purl.obolibrary.org/obo/XAO_0005042>	"UBERON:0001842"
<http://purl.obolibrary.org/obo/XAO_0004507>	"CL:0000062"
<http://purl.obolibrary.org/obo/XAO_0003094>	"UBERON:0001647"
<http://purl.obolibrary.org/obo/XAO_0004142>	"UBERON:0002827"
<http://purl.obolibrary.org/obo/XAO_0004015>	"UBERON:0008907"
<http://purl.obolibrary.org/obo/XAO_0000375>	"UBERON:0001473"
<http://purl.obolibrary.org/obo/XAO_0004050>	"UBERON:0007862"
<http://purl.obolibrary.org/obo/XAO_0004533>	"UBERON:0000935"
<http://purl.obolibrary.org/obo/XAO_0000143>	"UBERON:0001008"
<http://purl.obolibrary.org/obo/XAO_0006024>	"CL:0000451"
<http://purl.obolibrary.org/obo/XAO_0000040>	"UBERON:0001444"
<http://purl.obolibrary.org/obo/XAO_0000213>	"UBERON:0002393"
<http://purl.obolibrary.org/obo/XAO_0004475>	"CL:0000187"
<http://purl.obolibrary.org/obo/XAO_0000444>	"UBERON:0003091"
<http://purl.obolibrary.org/obo/XAO_0000186>	"UBERON:0001775"
<http://purl.obolibrary.org/obo/XAO_0004029>	"UBERON:0001994"
<http://purl.obolibrary.org/obo/XAO_0003235>	"CL:0000215"
<http://purl.obolibrary.org/obo/XAO_0000129>	"UBERON:0000160"
<http://purl.obolibrary.org/obo/XAO_0004031>	"UBERON:0000211"
<http://purl.obolibrary.org/obo/XAO_0005066>	"UBERON:0001783"
<http://purl.obolibrary.org/obo/XAO_0003051>	"UBERON:0003105"
<http://purl.obolibrary.org/obo/XAO_0004195>	"UBERON:4000118"
<http://purl.obolibrary.org/obo/XAO_0004169>	"UBERON:0011191"
<http://purl.obolibrary.org/obo/XAO_0000095>	"UBERON:0002540"
<http://purl.obolibrary.org/obo/XAO_0005297>	"UBERON:0015833"
<http://purl.obolibrary.org/obo/XAO_0000157>	"UBERON:0000473"
<http://purl.obolibrary.org/obo/XAO_0000159>	"UBERON:0000006"
<http://purl.obolibrary.org/obo/XAO_0004568>	"UBERON:0002892"
<http://purl.obolibrary.org/obo/XAO_0003059>	"UBERON:0004761"
<http://purl.obolibrary.org/obo/XAO_0003206>	"CL:0000653"
<http://purl.obolibrary.org/obo/XAO_0003194>	"UBERON:0001032"
<http://purl.obolibrary.org/obo/XAO_0004002>	"UBERON:0010202"
<http://purl.obolibrary.org/obo/XAO_0000115>	"UBERON:0001638"
<http://purl.obolibrary.org/obo/XAO_0000451>	"UBERON:0003116"
<http://purl.obolibrary.org/obo/XAO_0000193>	"UBERON:0001839"
<http://purl.obolibrary.org/obo/XAO_0000066>	"UBERON:0002165"
<http://purl.obolibrary.org/obo/XAO_0003242>	"CL:0000360"
<http://purl.obolibrary.org/obo/XAO_0005050>	"UBERON:0007634"
<http://purl.obolibrary.org/obo/XAO_0000248>	"UBERON:0005061"
<http://purl.obolibrary.org/obo/XAO_0005058>	"UBERON:3010599"
<http://purl.obolibrary.org/obo/XAO_0000383>	"UBERON:0003087"
<http://purl.obolibrary.org/obo/XAO_0004176>	"UBERON:0010078"
<http://purl.obolibrary.org/obo/XAO_0004554>	"UBERON:0002956"
<http://purl.obolibrary.org/obo/XAO_0004084>	"UBERON:0005519"
<http://purl.obolibrary.org/obo/XAO_0005132>	"GO:0097450"
<http://purl.obolibrary.org/obo/XAO_0000431>	"UBERON:0001091"
<http://purl.obolibrary.org/obo/XAO_0004126>	"UBERON:0000946"
<http://purl.obolibrary.org/obo/XAO_0000046>	"UBERON:0003057"
<http://purl.obolibrary.org/obo/XAO_0003162>	"CARO:0000040"
<http://purl.obolibrary.org/obo/XAO_0003162>	"UBERON:0000476"
<http://purl.obolibrary.org/obo/XAO_0004278>	"UBERON:0004743"
<http://purl.obolibrary.org/obo/XAO_0005300>	"UBERON:0001276"
<http://purl.obolibrary.org/obo/XAO_0000006>	"UBERON:0003051"
<http://purl.obolibrary.org/obo/XAO_0006016>	"UBERON:8400024"
<http://purl.obolibrary.org/obo/XAO_0004540>	"UBERON:0010011"
<http://purl.obolibrary.org/obo/XAO_0004070>	"UBERON:0001898"
<http://purl.obolibrary.org/obo/XAO_0004215>	"UBERON:0001650"
<http://purl.obolibrary.org/obo/XAO_0005188>	"UBERON:0006964"
<http://purl.obolibrary.org/obo/XAO_0000314>	"UBERON:0005598"
<http://purl.obolibrary.org/obo/XAO_0000205>	"UBERON:0003068"
<http://purl.obolibrary.org/obo/XAO_0005016>	"GO:0030425"
<http://purl.obolibrary.org/obo/XAO_0004570>	"UBERON:0014738"
<http://purl.obolibrary.org/obo/XAO_0004589>	"UBERON:0001906"
<http://purl.obolibrary.org/obo/XAO_0005159>	"UBERON:0001162"
<http://purl.obolibrary.org/obo/XAO_0003248>	"CL:0000223"
<http://purl.obolibrary.org/obo/XAO_0004308>	"CL:0000125"
<http://purl.obolibrary.org/obo/XAO_0003263>	"CL:0000512"
<http://purl.obolibrary.org/obo/XAO_0003208>	"UBERON:0010544"
<http://purl.obolibrary.org/obo/XAO_0004602>	"UBERON:0004086"
<http://purl.obolibrary.org/obo/XAO_0005023>	"UBERON:3010602"
<http://purl.obolibrary.org/obo/XAO_0005254>	"GO:0043296"
<http://purl.obolibrary.org/obo/XAO_0000177>	"UBERON:0001016"
<http://purl.obolibrary.org/obo/XAO_0005145>	"UBERON:0001160"
<http://purl.obolibrary.org/obo/XAO_0004596>	"UBERON:2000459"
<http://purl.obolibrary.org/obo/XAO_0003087>	"UBERON:0003277"
<http://purl.obolibrary.org/obo/XAO_0005044>	"CL:0002573"
<http://purl.obolibrary.org/obo/XAO_0003096>	"UBERON:0001649"
<http://purl.obolibrary.org/obo/XAO_0000133>	"UBERON:0002107"
<http://purl.obolibrary.org/obo/XAO_0000137>	"UBERON:0000017"
<http://purl.obolibrary.org/obo/XAO_0003037>	"CARO:0000055"
<http://purl.obolibrary.org/obo/XAO_0003037>	"UBERON:0000481"
<http://purl.obolibrary.org/obo/XAO_0005225>	"UBERON:0004637"
<http://purl.obolibrary.org/obo/XAO_0000266>	"UBERON:0001781"
<http://purl.obolibrary.org/obo/XAO_0005116>	"CL:0000440"
<http://purl.obolibrary.org/obo/XAO_0000272>	"UBERON:0002255"
<http://purl.obolibrary.org/obo/XAO_0003146>	"UBERON:0000991"
<http://purl.obolibrary.org/obo/XAO_0003172>	"UBERON:0003112"
<http://purl.obolibrary.org/obo/XAO_0006042>	"CL:0002092"
<http://purl.obolibrary.org/obo/XAO_0000342>	"UBERON:0003118"
<http://purl.obolibrary.org/obo/XAO_0001017>	"UBERON:0002384"
<http://purl.obolibrary.org/obo/XAO_0003220>	"UBERON:0001793"
<http://purl.obolibrary.org/obo/XAO_0000053>	"UBERON:0006904"
<http://purl.obolibrary.org/obo/XAO_0003017>	"CL:0000057"
<http://purl.obolibrary.org/obo/XAO_0004290>	"GO:0044464"
<http://purl.obolibrary.org/obo/XAO_0004290>	"CARO:0000014"
<http://purl.obolibrary.org/obo/XAO_0000361>	"UBERON:0005609"
<http://purl.obolibrary.org/obo/XAO_0000252>	"UBERON:0003842"
<http://purl.obolibrary.org/obo/XAO_0003010>	"UBERON:0000947"
<http://purl.obolibrary.org/obo/XAO_0004154>	"UBERON:0005492"
<http://purl.obolibrary.org/obo/XAO_0003269>	"UBERON:0011648"
<http://purl.obolibrary.org/obo/XAO_0000024>	"UBERON:0007098"
<http://purl.obolibrary.org/obo/XAO_0004608>	"UBERON:0002286"
<http://purl.obolibrary.org/obo/XAO_0004197>	"UBERON:0001996"
<http://purl.obolibrary.org/obo/XAO_0003219>	"UBERON:0001789"
<http://purl.obolibrary.org/obo/XAO_0004001>	"UBERON:0000463"
<http://purl.obolibrary.org/obo/XAO_0000100>	"UBERON:0004535"
<http://purl.obolibrary.org/obo/XAO_0003212>	"UBERON:0010545"
<http://purl.obolibrary.org/obo/XAO_0003103>	"UBERON:0001705"
<http://purl.obolibrary.org/obo/XAO_0004134>	"UBERON:0007285"
<http://purl.obolibrary.org/obo/XAO_0003196>	"UBERON:0005725"
<http://purl.obolibrary.org/obo/XAO_0000198>	"UBERON:0001840"
<http://purl.obolibrary.org/obo/XAO_0005166>	"CL:0000502"
<http://purl.obolibrary.org/obo/XAO_0003024>	"UBERON:0000033"
<http://purl.obolibrary.org/obo/XAO_0003255>	"CL:0000222"
<http://purl.obolibrary.org/obo/XAO_0005057>	"UBERON:0003029"
<http://purl.obolibrary.org/obo/XAO_0000010>	"UBERON:0000955"
<http://purl.obolibrary.org/obo/XAO_0004181>	"CL:0000746"
<http://purl.obolibrary.org/obo/XAO_0004189>	"UBERON:0002062"
<http://purl.obolibrary.org/obo/XAO_0004111>	"CL:0000573"
<http://purl.obolibrary.org/obo/XAO_0004120>	"UBERON:0003906"
<http://purl.obolibrary.org/obo/XAO_0003226>	"UBERON:0001945"
<http://purl.obolibrary.org/obo/XAO_0004086>	"UBERON:0007281"
<http://purl.obolibrary.org/obo/XAO_0004620>	"UBERON:0009955"
<http://purl.obolibrary.org/obo/XAO_0000092>	"UBERON:0004735"
<http://purl.obolibrary.org/obo/XAO_0004372>	"UBERON:0009635"
<http://purl.obolibrary.org/obo/XAO_0005075>	"UBERON:0002232"
<http://purl.obolibrary.org/obo/XAO_0005001>	"UBERON:4000122"
<http://purl.obolibrary.org/obo/XAO_0000155>	"UBERON:0000079"
<http://purl.obolibrary.org/obo/XAO_0004007>	"UBERON:0000490"
<http://purl.obolibrary.org/obo/XAO_0004007>	"CARO:0000073"
<http://purl.obolibrary.org/obo/XAO_0004173>	"UBERON:0001634"
<http://purl.obolibrary.org/obo/XAO_0005190>	"UBERON:0002432"
<http://purl.obolibrary.org/obo/XAO_0000388>	"UBERON:0001072"
<http://purl.obolibrary.org/obo/XAO_0006020>	"GO:0005769"
<http://purl.obolibrary.org/obo/XAO_0000381>	"UBERON:0006196"
<http://purl.obolibrary.org/obo/XAO_0003045>	"CARO:0000066"
<http://purl.obolibrary.org/obo/XAO_0003045>	"UBERON:0000483"
<http://purl.obolibrary.org/obo/XAO_0006037>	"CL:0000218"
<http://purl.obolibrary.org/obo/XAO_0000280>	"UBERON:0012285"
<http://purl.obolibrary.org/obo/XAO_0000171>	"UBERON:0000982"
<http://purl.obolibrary.org/obo/XAO_0000217>	"UBERON:0002067"
<http://purl.obolibrary.org/obo/XAO_0000448>	"UBERON:0008894"
<http://purl.obolibrary.org/obo/XAO_0000230>	"CL:0000477"
<http://purl.obolibrary.org/obo/XAO_0003239>	"CL:0000080"
<http://purl.obolibrary.org/obo/XAO_0004276>	"UBERON:0001474"
<http://purl.obolibrary.org/obo/XAO_0000087>	"UBERON:0006071"
<http://purl.obolibrary.org/obo/XAO_0005293>	"UBERON:0000377"
<http://purl.obolibrary.org/obo/XAO_1000095>	"UBERON:0000092"
<http://purl.obolibrary.org/obo/XAO_0003031>	"UBERON:0002103"
<http://purl.obolibrary.org/obo/XAO_0000319>	"UBERON:0003083"
<http://purl.obolibrary.org/obo/XAO_0006014>	"UBERON:0012243"
<http://purl.obolibrary.org/obo/XAO_0005007>	"CL:0000636"
<http://purl.obolibrary.org/obo/XAO_0004213>	"UBERON:0009126"
<http://purl.obolibrary.org/obo/XAO_0000030>	"UBERON:0003125"
<http://purl.obolibrary.org/obo/XAO_0000428>	"UBERON:0001675"
<http://purl.obolibrary.org/obo/XAO_0001002>	"UBERON:0005597"
<http://purl.obolibrary.org/obo/XAO_0000163>	"UBERON:0002370"
<http://purl.obolibrary.org/obo/XAO_0003174>	"UBERON:0003111"
<http://purl.obolibrary.org/obo/XAO_0006044>	"CL:0000094"
<http://purl.obolibrary.org/obo/XAO_0000355>	"UBERON:0003121"
<http://purl.obolibrary.org/obo/XAO_0000119>	"UBERON:0002048"
<http://purl.obolibrary.org/obo/XAO_0003002>	"UBERON:0000467"
<http://purl.obolibrary.org/obo/XAO_0003002>	"CARO:0000011"
<http://purl.obolibrary.org/obo/XAO_0004587>	"UBERON:0002435"
<http://purl.obolibrary.org/obo/XAO_0005312>	"GO:0031430"
<http://purl.obolibrary.org/obo/XAO_0000079>	"UBERON:0003063"
<http://purl.obolibrary.org/obo/XAO_0000018>	"UBERON:0005294"
<http://purl.obolibrary.org/obo/XAO_0005020>	"CL:0000499"
<http://purl.obolibrary.org/obo/XAO_0000326>	"UBERON:0006293"
<http://purl.obolibrary.org/obo/XAO_0004558>	"UBERON:0002886"
<http://purl.obolibrary.org/obo/XAO_0003084>	"UBERON:0003278"
<http://purl.obolibrary.org/obo/XAO_0004263>	"UBERON:0002472"
<http://purl.obolibrary.org/obo/XAO_0003193>	"UBERON:0002082"
<http://purl.obolibrary.org/obo/XAO_1000006>	"UBERON:0000110"
<http://purl.obolibrary.org/obo/XAO_0003029>	"UBERON:0000165"
<http://purl.obolibrary.org/obo/XAO_0000264>	"UBERON:0005721"
<http://purl.obolibrary.org/obo/XAO_0004614>	"GO:0005930"
<http://purl.obolibrary.org/obo/XAO_0004574>	"UBERON:0004186"
<http://purl.obolibrary.org/obo/XAO_0003065>	"UBERON:0005417"
<http://purl.obolibrary.org/obo/XAO_0000051>	"UBERON:0005805"
<http://purl.obolibrary.org/obo/XAO_0001010>	"UBERON:0004535"
<http://purl.obolibrary.org/obo/XAO_0004021>	"UBERON:0011585"
<http://purl.obolibrary.org/obo/XAO_0003015>	"CL:0000056"
<http://purl.obolibrary.org/obo/XAO_0000250>	"UBERON:0003076"
<http://purl.obolibrary.org/obo/XAO_0003150>	"CL:0000300"
<http://purl.obolibrary.org/obo/XAO_0000389>	"UBERON:0004450"
<http://purl.obolibrary.org/obo/XAO_0003267>	"UBERON:0002113"
<http://purl.obolibrary.org/obo/XAO_0000022>	"UBERON:0005724"
<http://purl.obolibrary.org/obo/XAO_0003158>	"CL:0000236"
<http://purl.obolibrary.org/obo/XAO_0004560>	"UBERON:0002179"
<http://purl.obolibrary.org/obo/XAO_0003217>	"UBERON:0001782"
<http://purl.obolibrary.org/obo/XAO_0000065>	"UBERON:0002349"
<http://purl.obolibrary.org/obo/XAO_0005040>	"UBERON:0001841"
<http://purl.obolibrary.org/obo/XAO_0000238>	"UBERON:0001052"
<http://purl.obolibrary.org/obo/XAO_0003092>	"UBERON:0001645"
<http://purl.obolibrary.org/obo/XAO_0004132>	"UBERON:0006601"
<http://purl.obolibrary.org/obo/XAO_0005048>	"UBERON:0009050"
<http://purl.obolibrary.org/obo/XAO_0000373>	"UBERON:0002064"
<http://purl.obolibrary.org/obo/XAO_0004040>	"UBERON:4000115"
<http://purl.obolibrary.org/obo/XAO_0004531>	"UBERON:0001876"
<http://purl.obolibrary.org/obo/XAO_0003022>	"CL:0000247"
<http://purl.obolibrary.org/obo/XAO_0003247>	"CL:0000163"
<http://purl.obolibrary.org/obo/XAO_0003253>	"CL:0000384"
<http://purl.obolibrary.org/obo/XAO_0004048>	"UBERON:0001729"
<http://purl.obolibrary.org/obo/XAO_0000141>	"UBERON:0000080"
<http://purl.obolibrary.org/obo/XAO_0006022>	"CL:0000576"
<http://purl.obolibrary.org/obo/XAO_0000211>	"UBERON:0000407"
<http://purl.obolibrary.org/obo/XAO_0000442>	"UBERON:0003090"
<http://purl.obolibrary.org/obo/XAO_0003224>	"UBERON:0001788"
<http://purl.obolibrary.org/obo/XAO_0000057>	"UBERON:0003059"
<http://purl.obolibrary.org/obo/XAO_0003233>	"CL:0000622"
<http://purl.obolibrary.org/obo/XAO_0004150>	"CL:0000764"
<http://purl.obolibrary.org/obo/XAO_0000127>	"UBERON:0001043"
<http://purl.obolibrary.org/obo/XAO_1000013>	"UBERON:0007233"
<http://purl.obolibrary.org/obo/XAO_0004193>	"UBERON:0010911"
<http://purl.obolibrary.org/obo/XAO_0000271>	"UBERON:0004871"
<http://purl.obolibrary.org/obo/XAO_0003204>	"UBERON:0001049"
<http://purl.obolibrary.org/obo/XAO_0000162>	"UBERON:0002046"
<http://purl.obolibrary.org/obo/XAO_0004005>	"CARO:0000042"
<http://purl.obolibrary.org/obo/XAO_0004005>	"UBERON:0000478"
<http://purl.obolibrary.org/obo/XAO_0005162>	"UBERON:0001708"
<http://purl.obolibrary.org/obo/XAO_0000113>	"UBERON:0000922"
<http://purl.obolibrary.org/obo/XAO_0004138>	"CL:0000098"
<http://purl.obolibrary.org/obo/XAO_0003240>	"CL:0000470"
<http://purl.obolibrary.org/obo/XAO_0000242>	"UBERON:0003074"
<http://purl.obolibrary.org/obo/XAO_0003043>	"UBERON:0001048"
<http://purl.obolibrary.org/obo/XAO_0004082>	"UBERON:0005511"
<http://purl.obolibrary.org/obo/XAO_0000180>	"UBERON:0000964"
<http://purl.obolibrary.org/obo/XAO_0003165>	"CARO:0000072"
<http://purl.obolibrary.org/obo/XAO_0003165>	"UBERON:0000489"
<http://purl.obolibrary.org/obo/XAO_0006035>	"CL:0002375"
<http://purl.obolibrary.org/obo/XAO_0004124>	"UBERON:0003930"
<http://purl.obolibrary.org/obo/XAO_0000188>	"UBERON:0000941"
<http://purl.obolibrary.org/obo/XAO_0004099>	"CL:0000561"
<http://purl.obolibrary.org/obo/XAO_0003102>	"UBERON:0001077"
<http://purl.obolibrary.org/obo/XAO_0000367>	"UBERON:0004449"
<http://purl.obolibrary.org/obo/XAO_0000009>	"UBERON:0000966"
<http://purl.obolibrary.org/obo/XAO_0000085>	"UBERON:0003064"
<http://purl.obolibrary.org/obo/XAO_0000258>	"UBERON:0000992"
<http://purl.obolibrary.org/obo/XAO_0005291>	"UBERON:0006211"
<http://purl.obolibrary.org/obo/XAO_0004204>	"UBERON:0013631"
<http://purl.obolibrary.org/obo/XAO_0000393>	"UBERON:0003481"
<http://purl.obolibrary.org/obo/XAO_0005186>	"UBERON:0002196"
<http://purl.obolibrary.org/obo/XAO_0000277>	"UBERON:0004771"
<http://purl.obolibrary.org/obo/XAO_0005014>	"GO:0005813"
<http://purl.obolibrary.org/obo/XAO_0000426>	"UBERON:0001579"
<http://purl.obolibrary.org/obo/XAO_0000168>	"UBERON:0002204"
<http://purl.obolibrary.org/obo/XAO_0004110>	"CL:0000287"
<http://purl.obolibrary.org/obo/XAO_0000353>	"UBERON:0003123"
<http://purl.obolibrary.org/obo/XAO_0003078>	"UBERON:0001094"
<http://purl.obolibrary.org/obo/XAO_0000469>	"UBERON:0003097"
<http://purl.obolibrary.org/obo/XAO_0003000>	"UBERON:0000061"
<http://purl.obolibrary.org/obo/XAO_0003000>	"CARO:0000003"
<http://purl.obolibrary.org/obo/XAO_0005157>	"UBERON:0001165"
<http://purl.obolibrary.org/obo/XAO_0000462>	"UBERON:0003095"
<http://purl.obolibrary.org/obo/XAO_0000016>	"UBERON:0003052"
<http://purl.obolibrary.org/obo/XAO_0003261>	"CL:0000853"
<http://purl.obolibrary.org/obo/XAO_0003049>	"UBERON:0001013"
<http://purl.obolibrary.org/obo/XAO_0003152>	"UBERON:0002405"
<http://purl.obolibrary.org/obo/XAO_0000333>	"UBERON:0005892"
<http://purl.obolibrary.org/obo/XAO_0000284>	"UBERON:0003078"
<http://purl.obolibrary.org/obo/XAO_0004565>	"UBERON:0002267"
<http://purl.obolibrary.org/obo/XAO_0003211>	"UBERON:0009879"
<http://purl.obolibrary.org/obo/XAO_0000175>	"UBERON:0001135"
<http://purl.obolibrary.org/obo/XAO_0004012>	"UBERON:0004765"
<http://purl.obolibrary.org/obo/XAO_0000105>	"UBERON:0001731"
<http://purl.obolibrary.org/obo/XAO_0005309>	"UBERON:0011779"
<http://purl.obolibrary.org/obo/XAO_1000004>	"UBERON:0000107"
<http://purl.obolibrary.org/obo/XAO_0004145>	"UBERON:0001862"
<http://purl.obolibrary.org/obo/XAO_0000131>	"UBERON:0000059"
<http://purl.obolibrary.org/obo/XAO_0000135>	"UBERON:0002110"
<http://purl.obolibrary.org/obo/XAO_0005071>	"UBERON:0002419"
<http://purl.obolibrary.org/obo/XAO_0004389>	"UBERON:0001715"
<http://purl.obolibrary.org/obo/XAO_0003035>	"UBERON:0001466"
<http://purl.obolibrary.org/obo/XAO_0004217>	"CL:0000100"
<http://purl.obolibrary.org/obo/XAO_0003170>	"UBERON:0001703"
<http://purl.obolibrary.org/obo/XAO_0005031>	"CL:0000681"
<http://purl.obolibrary.org/obo/XAO_0001015>	"UBERON:0006172"
<http://purl.obolibrary.org/obo/XAO_0003006>	"CARO:0000027"
<http://purl.obolibrary.org/obo/XAO_0003006>	"UBERON:0003101"
<http://purl.obolibrary.org/obo/XAO_0005039>	"GO:0005737"
<http://purl.obolibrary.org/obo/XAO_0000364>	"UBERON:0003086"
<http://purl.obolibrary.org/obo/XAO_0004522>	"CL:0007004"
<http://purl.obolibrary.org/obo/XAO_0005196>	"CL:0000775"
<http://purl.obolibrary.org/obo/XAO_0004152>	"UBERON:0002200"
<http://purl.obolibrary.org/obo/XAO_0004060>	"UBERON:0005306"
<http://purl.obolibrary.org/obo/XAO_0006013>	"GO:0043700"
<http://purl.obolibrary.org/obo/XAO_0000202>	"UBERON:0012284"
<http://purl.obolibrary.org/obo/XAO_0004018>	"UBERON:0002513"
<http://purl.obolibrary.org/obo/XAO_0000063>	"UBERON:0003060"
<http://purl.obolibrary.org/obo/XAO_0000236>	"UBERON:0002114"
<http://purl.obolibrary.org/obo/XAO_0003090>	"UBERON:0001643"
<http://purl.obolibrary.org/obo/XAO_0000118>	"UBERON:0003126"
<http://purl.obolibrary.org/obo/XAO_0000196>	"UBERON:0001854"
<http://purl.obolibrary.org/obo/XAO_0005164>	"CL:0000171"
<http://purl.obolibrary.org/obo/XAO_0003098>	"UBERON:0002037"
<http://purl.obolibrary.org/obo/XAO_0003245>	"CL:0000221"
<http://purl.obolibrary.org/obo/XAO_0000000>	"CARO:0000000"
<http://purl.obolibrary.org/obo/XAO_0000146>	"UBERON:0005325"
<http://purl.obolibrary.org/obo/XAO_0002000>	"UBERON:0002120"
<http://purl.obolibrary.org/obo/XAO_0003061>	"UBERON:0001440"
<http://purl.obolibrary.org/obo/XAO_0005135>	"CL:0000164"
<http://purl.obolibrary.org/obo/XAO_0000055>	"UBERON:0002328"
<http://purl.obolibrary.org/obo/XAO_0000440>	"UBERON:0009128"
<http://purl.obolibrary.org/obo/XAO_0000182>	"UBERON:0001811"
<http://purl.obolibrary.org/obo/XAO_0000228>	"UBERON:0004128"
<http://purl.obolibrary.org/obo/XAO_0003231>	"CL:0000212"
<http://purl.obolibrary.org/obo/XAO_0000090>	"UBERON:0000925"
<http://purl.obolibrary.org/obo/XAO_0003019>	"CL:0000017"
<http://purl.obolibrary.org/obo/XAO_0004203>	"UBERON:0011688"
<http://purl.obolibrary.org/obo/XAO_0000125>	"UBERON:0001007"
<http://purl.obolibrary.org/obo/XAO_1000011>	"UBERON:0007232"
<http://purl.obolibrary.org/obo/XAO_0000098>	"UBERON:0003066"
<http://purl.obolibrary.org/obo/XAO_0005073>	"UBERON:0000414"
<http://purl.obolibrary.org/obo/XAO_0000311>	"UBERON:0003081"
<http://purl.obolibrary.org/obo/XAO_0004165>	"UBERON:0006001"
<http://purl.obolibrary.org/obo/XAO_0004191>	"UBERON:0005428"
<http://purl.obolibrary.org/obo/XAO_0006019>	"GO:0005771"
<http://purl.obolibrary.org/obo/XAO_0000153>	"UBERON:0000057"
<http://purl.obolibrary.org/obo/XAO_0005502>	"UBERON:0013701"
<http://purl.obolibrary.org/obo/XAO_0004199>	"UBERON:0011692"
<http://purl.obolibrary.org/obo/XAO_0003202>	"UBERON:0003351"
<http://purl.obolibrary.org/obo/XAO_0000035>	"CL:0000365"
<http://purl.obolibrary.org/obo/XAO_0000208>	"UBERON:0000100"
<http://purl.obolibrary.org/obo/XAO_0000454>	"UBERON:0001280"
<http://purl.obolibrary.org/obo/XAO_0000111>	"CL:0000586"
<http://purl.obolibrary.org/obo/XAO_0004136>	"UBERON:0002212"
<http://purl.obolibrary.org/obo/XAO_0000244>	"UBERON:0000162"
<http://purl.obolibrary.org/obo/XAO_0004288>	"UBERON:0010913"
<http://purl.obolibrary.org/obo/XAO_0006026>	"CL:0000051"
<http://purl.obolibrary.org/obo/XAO_0000283>	"UBERON:0001771"
<http://purl.obolibrary.org/obo/XAO_0005140>	"UBERON:0000118"
<http://purl.obolibrary.org/obo/XAO_0000042>	"UBERON:0002346"
<http://purl.obolibrary.org/obo/XAO_0000446>	"UBERON:0001723"
<http://purl.obolibrary.org/obo/XAO_0004030>	"UBERON:0007846"
<http://purl.obolibrary.org/obo/XAO_0004593>	"UBERON:0002778"
<http://purl.obolibrary.org/obo/XAO_0003237>	"CL:0000061"
<http://purl.obolibrary.org/obo/XAO_0004274>	"UBERON:0004770"
<http://purl.obolibrary.org/obo/XAO_0004038>	"UBERON:0004755"
<http://purl.obolibrary.org/obo/XAO_0000002>	"UBERON:0008897"
<http://purl.obolibrary.org/obo/XAO_0004530>	"UBERON:0004069"
<http://purl.obolibrary.org/obo/XAO_0004211>	"UBERON:0009124"
<http://purl.obolibrary.org/obo/XAO_0000275>	"UBERON:0005870"
<http://purl.obolibrary.org/obo/XAO_0005012>	"GO:0000776"
<http://purl.obolibrary.org/obo/XAO_0000166>	"UBERON:0001236"
<http://purl.obolibrary.org/obo/XAO_0000345>	"UBERON:0001070"
<http://purl.obolibrary.org/obo/XAO_0004585>	"UBERON:0000446"
<http://purl.obolibrary.org/obo/XAO_0003076>	"UBERON:0002413"
<http://purl.obolibrary.org/obo/XAO_0000467>	"UBERON:0003923"
<http://purl.obolibrary.org/obo/XAO_0003223>	"UBERON:0001792"
<http://purl.obolibrary.org/obo/XAO_0000122>	"UBERON:0002390"
<http://purl.obolibrary.org/obo/XAO_0000255>	"UBERON:0007126"
<http://purl.obolibrary.org/obo/XAO_0005198>	"UBERON:0002081"
<http://purl.obolibrary.org/obo/XAO_0003161>	"UBERON:0004347"
<http://purl.obolibrary.org/obo/XAO_0006031>	"CL:0000091"
<http://purl.obolibrary.org/obo/XAO_0004605>	"UBERON:0002206"
<http://purl.obolibrary.org/obo/XAO_0004556>	"UBERON:0001904"
<http://purl.obolibrary.org/obo/XAO_0003047>	"UBERON:0001021"
<http://purl.obolibrary.org/obo/XAO_0003169>	"UBERON:0003113"
<http://purl.obolibrary.org/obo/XAO_0004091>	"UBERON:0005497"
<http://purl.obolibrary.org/obo/XAO_0000291>	"UBERON:0005323"
<http://purl.obolibrary.org/obo/XAO_0000103>	"UBERON:0001045"
<http://purl.obolibrary.org/obo/XAO_0003191>	"UBERON:0002079"
<http://purl.obolibrary.org/obo/XAO_0000474>	"UBERON:0005412"
<http://purl.obolibrary.org/obo/XAO_0004143>	"UBERON:0005629"
<http://purl.obolibrary.org/obo/XAO_0003199>	"UBERON:0002465"
<http://purl.obolibrary.org/obo/XAO_0004051>	"UBERON:0001751"
<http://purl.obolibrary.org/obo/XAO_0003027>	"UBERON:0002101"
<http://purl.obolibrary.org/obo/XAO_0003258>	"CL:0000851"
<http://purl.obolibrary.org/obo/XAO_0000013>	"UBERON:0001894"
<http://purl.obolibrary.org/obo/XAO_0003149>	"CL:0000670"
<http://purl.obolibrary.org/obo/XAO_0004186>	"UBERON:0009889"
<http://purl.obolibrary.org/obo/XAO_0004059>	"UBERON:0007567"
<http://purl.obolibrary.org/obo/XAO_0003063>	"UBERON:0007831"
<http://purl.obolibrary.org/obo/XAO_0001013>	"UBERON:0001577"
<http://purl.obolibrary.org/obo/XAO_0003229>	"UBERON:0008778"
<http://purl.obolibrary.org/obo/XAO_0003013>	"CARO:0000032"
<http://purl.obolibrary.org/obo/XAO_0003013>	"UBERON:0000475"
<http://purl.obolibrary.org/obo/XAO_0004157>	"UBERON:0005607"
<http://purl.obolibrary.org/obo/XAO_0005323>	"CL:0017005"
<http://purl.obolibrary.org/obo/XAO_0000029>	"UBERON:0003055"
<http://purl.obolibrary.org/obo/XAO_0003265>	"CL:0000723"
<http://purl.obolibrary.org/obo/XAO_0000020>	"UBERON:0002240"
<http://purl.obolibrary.org/obo/XAO_0004100>	"CL:0000740"
<http://purl.obolibrary.org/obo/XAO_0000392>	"UBERON:0002017"
<http://purl.obolibrary.org/obo/XAO_0005298>	"UBERON:0001901"
<http://purl.obolibrary.org/obo/XAO_0003156>	"CL:0000623"
<http://purl.obolibrary.org/obo/XAO_0000337>	"UBERON:0004141"
<http://purl.obolibrary.org/obo/XAO_0000158>	"UBERON:0000949"
<http://purl.obolibrary.org/obo/XAO_0003215>	"UBERON:0001787"
<http://purl.obolibrary.org/obo/XAO_0003095>	"UBERON:0001648"
<http://purl.obolibrary.org/obo/XAO_0004016>	"UBERON:0010522"
<http://purl.obolibrary.org/obo/XAO_0005283>	"UBERON:0011814"
<http://purl.obolibrary.org/obo/XAO_0004130>	"CL:0000202"
<http://purl.obolibrary.org/obo/XAO_0004149>	"CL:0000115"
<http://purl.obolibrary.org/obo/XAO_0005193>	"UBERON:0004067"
<http://purl.obolibrary.org/obo/XAO_0004046>	"UBERON:0010365"
<http://purl.obolibrary.org/obo/XAO_0000144>	"UBERON:0000056"
<http://purl.obolibrary.org/obo/XAO_0006025>	"CL:0000442"
<http://purl.obolibrary.org/obo/XAO_0000041>	"UBERON:0002025"
<http://purl.obolibrary.org/obo/XAO_0000214>	"UBERON:0001686"
<http://purl.obolibrary.org/obo/XAO_0004476>	"CL:0000188"
<http://purl.obolibrary.org/obo/XAO_0000445>	"UBERON:0001727"
<http://purl.obolibrary.org/obo/XAO_0005133>	"CL:0000128"
<http://purl.obolibrary.org/obo/XAO_0000174>	"UBERON:0001134"
<http://purl.obolibrary.org/obo/XAO_0000096>	"UBERON:0002539"
<http://purl.obolibrary.org/obo/XAO_0000269>	"UBERON:0000930"
<http://purl.obolibrary.org/obo/XAO_0006017>	"CL:0005002"
<http://purl.obolibrary.org/obo/XAO_0000151>	"UBERON:0005319"
<http://purl.obolibrary.org/obo/XAO_0005500>	"GO:0030057"
<http://purl.obolibrary.org/obo/XAO_0000033>	"UBERON:0005093"
<http://purl.obolibrary.org/obo/XAO_0000160>	"UBERON:0001905"
<http://purl.obolibrary.org/obo/XAO_0001103>	"UBERON:0003924"
<http://purl.obolibrary.org/obo/XAO_0004003>	"UBERON:0006800"
<http://purl.obolibrary.org/obo/XAO_0004003>	"CARO:0000008"
<http://purl.obolibrary.org/obo/XAO_0000452>	"UBERON:0003092"
<http://purl.obolibrary.org/obo/XAO_0000067>	"UBERON:0003061"
<http://purl.obolibrary.org/obo/XAO_0003177>	"UBERON:0005884"
<http://purl.obolibrary.org/obo/XAO_0000358>	"UBERON:0001919"
<http://purl.obolibrary.org/obo/XAO_0000249>	"UBERON:0003075"
<http://purl.obolibrary.org/obo/XAO_0003005>	"CARO:0000028"
<http://purl.obolibrary.org/obo/XAO_0003005>	"UBERON:0003100"
<http://purl.obolibrary.org/obo/XAO_0000240>	"UBERON:0003073"
<http://purl.obolibrary.org/obo/XAO_0003249>	"CL:0000066"
<http://purl.obolibrary.org/obo/XAO_0005059>	"UBERON:0007377"
<http://purl.obolibrary.org/obo/XAO_1000029>	"UBERON:0000085"
<http://purl.obolibrary.org/obo/XAO_0004085>	"CL:0005006"
<http://purl.obolibrary.org/obo/XAO_0003041>	"UBERON:0003103"
<http://purl.obolibrary.org/obo/XAO_0003041>	"CARO:0000024"
<http://purl.obolibrary.org/obo/XAO_0000329>	"UBERON:0005891"
<http://purl.obolibrary.org/obo/XAO_0003163>	"CARO:0000065"
<http://purl.obolibrary.org/obo/XAO_0003163>	"UBERON:0000482"
<http://purl.obolibrary.org/obo/XAO_0003209>	"UBERON:0006715"
<http://purl.obolibrary.org/obo/XAO_0004097>	"CL:0000745"
<http://purl.obolibrary.org/obo/XAO_0003100>	"UBERON:0001896"
<http://purl.obolibrary.org/obo/XAO_0000365>	"UBERON:0001533"
<http://purl.obolibrary.org/obo/XAO_0000007>	"UBERON:0001713"
<http://purl.obolibrary.org/obo/XAO_0000256>	"CL:0000023"
<http://purl.obolibrary.org/obo/XAO_0005189>	"UBERON:0003217"
<http://purl.obolibrary.org/obo/XAO_0006004>	"GO:0043025"
<http://purl.obolibrary.org/obo/XAO_0000315>	"UBERON:0003082"
<http://purl.obolibrary.org/obo/XAO_0004547>	"UBERON:0006516"
<http://purl.obolibrary.org/obo/XAO_0005017>	"CL:0000064"
<http://purl.obolibrary.org/obo/XAO_0004053>	"UBERON:0004288"
<http://purl.obolibrary.org/obo/XAO_0000458>	"UBERON:0003093"
<http://purl.obolibrary.org/obo/XAO_0004583>	"UBERON:0001928"
<http://purl.obolibrary.org/obo/XAO_0000014>	"UBERON:0001891"
<http://purl.obolibrary.org/obo/XAO_0000287>	"UBERON:0006337"
<http://purl.obolibrary.org/obo/XAO_0005024>	"UBERON:0001997"
<http://purl.obolibrary.org/obo/XAO_0005255>	"GO:0030175"
<http://purl.obolibrary.org/obo/XAO_0004563>	"UBERON:0014741"
<http://purl.obolibrary.org/obo/XAO_0003054>	"CL:0000034"
<http://purl.obolibrary.org/obo/XAO_0003080>	"UBERON:0003106"
<http://purl.obolibrary.org/obo/XAO_0004198>	"UBERON:0001752"
<http://purl.obolibrary.org/obo/XAO_0004010>	"CARO:0000070"
<http://purl.obolibrary.org/obo/XAO_0004010>	"UBERON:0000487"
